<?xml version="1.0" encoding="UTF-8" standalone="yes" ?>
<!--
	repobuild.xml by agreeve
	
	Main Ant script for deploying all (requested) projects.
	
	For a new project two modifications need to be made to this file:
	- Add a new target describing the new project
	- Add the name of the new target to the target called 'all'
	
	Example project configuration:
	<target name="[PROCESS_UNIQUE_NAME]" depends="[DEPENDING_PROJECTS]">
		<antcall target="[deploy_bpel|deploy_esb]">
			<param name="process.group" value="[GROUP_DIRECTORY_NAME]"/>
			<param name="process.name" value="[PROCESS_DIRECTORY_NAME]"/>
		</antcall>
	</target>
	
	Example all target configuration:
	<target name="all" depends="SRMW,UpsertVoorziening,[PROCESS_UNIQUE_NAME]"/>
   
   changelog repobuild.xml
   *********************************************************************************************************************************
   * Version      Date           Release     Who      What
   *********************************************************************************************************************************
   * 1.0.0        15-11-2013     SwedishChef AGR      #8923 - Created first version.
   *********************************************************************************************************************************  
-->
<project name="repobuild">
 <!-- default target, all projects should be included here in a random order -->
 <target name="all"
         depends="SchemaRepository"/>
 <!-- BPEL / ESB projects -->
 <!-- SchemaRepository -->
 <target name="SchemaRepository"
         depends="SchemaRepository_SRWerknl"/>
 <target name="SchemaRepository_SRWerknl">
  <antcall target="deploy_bpel">
   <param name="process.group" value="SchemaRepository"/>
   <param name="process.name" value="SRWerknl"/>
  </antcall>
 </target>
</project>
