<?xml version="1.0" encoding="windows-1252" ?>
<adf-config xmlns="http://xmlns.oracle.com/adf/config"
            xmlns:config="http://xmlns.oracle.com/bc4j/configuration"
            xmlns:adf="http://xmlns.oracle.com/adf/config/properties"
            xmlns:sec="http://xmlns.oracle.com/adf/security/config">
	<adf-adfm-config xmlns="http://xmlns.oracle.com/adfm/config">
		<defaults useBindVarsForViewCriteriaLiterals="true"/>
		<startup>
			<amconfig-overrides>
				<config:Database jbo.locking.mode="optimistic"/>
			</amconfig-overrides>
		</startup>
	</adf-adfm-config>
	<adf:adf-properties-child xmlns="http://xmlns.oracle.com/adf/config/properties">
		<adf-property name="adfAppUID" value="DigitaliseringWW-1952"/>
	</adf:adf-properties-child>
	<sec:adf-security-child xmlns="http://xmlns.oracle.com/adf/security/config">
		<CredentialStoreContext credentialStoreClass="oracle.adf.share.security.providers.jps.CSFCredentialStore" credentialStoreLocation="../../src/META-INF/jps-config.xml"/>
	</sec:adf-security-child>
	<adf-mds-config xmlns="http://xmlns.oracle.com/adf/mds/config">
		<mds-config xmlns="http://xmlns.oracle.com/mds/config">
			<persistence-config>
				<metadata-namespaces>
					<namespace metadata-store-usage="mstore-usage_1" path="/soa/shared"/>
					<namespace metadata-store-usage="mstore-usage_2" path="/apps"/>
					<namespace metadata-store-usage="mstore-usage_3" path="/deployed-composites"/>
				</metadata-namespaces>
				<metadata-store-usages>
				<metadata-store-usage id="mstore-usage_1">
						<metadata-store class-name="oracle.mds.persistence.stores.file.FileMetadataStore">
							<property value="${oracle.home}/integration" name="metadata-path"/>
							<property value="seed" name="partition-name"/>
						</metadata-store>
					</metadata-store-usage>
          <metadata-store-usage id="mstore-usage_2">
            <metadata-store class-name="oracle.mds.persistence.stores.file.FileMetadataStore">
              <property value="C:\UWV\svn\werk.nl_r5_herverzenden_mos\middleware\mw-repositories\MiddlewareRepository\MiddlewareRepository" name="metadata-path"/>
              <property value="soa-infra" name="partition-name"/>
            </metadata-store>
          </metadata-store-usage>						
					<metadata-store-usage id="mstore-usage_3">
						<metadata-store class-name="oracle.mds.persistence.stores.db.DBMetadataStore">
							<property value="wdo_mds" name="jdbc-userid"/>
							<property value="wdo_mds66" name="jdbc-password"/>
							<property value="jdbc:oracle:thin:@//cwlwdo7-cluster.cwi.resultinfra.com:1521/o11soa.cwi.resultinfra.com" name="jdbc-url"/>
							<property value="soa-infra" name="partition-name"/>
						</metadata-store> 
					</metadata-store-usage>
				</metadata-store-usages>
			</persistence-config>
		</mds-config>
	</adf-mds-config>
</adf-config>

